{
  "Węzeł Rusocin": [18.59750, 54.36500],
  "Węzeł Nowe Marzy": [18.66000, 53.43500],
  "Węzeł Grudziądz": [18.78700, 53.48400],
  "Węzeł Lisewo": [18.46500, 53.38300],
  "Węzeł Turzno": [18.67800, 53.02000],
  "Węzeł Lubicz": [18.66250, 52.64460],
  "Węzeł Toruń Południe": [18.59860, 53.01380],
  "Węzeł Włocławek Zachód": [19.07410, 52.63640],
  "Węzeł Kowal": [18.90000, 52.53330],
  "Węzeł Kutno": [19.36670, 52.23330],
  "Węzeł Łódź Północ": [19.46670, 51.83330],
  "Węzeł Łódź Wschód": [19.58330, 51.75000],
  "Węzeł Tuszyn": [19.53330, 51.60000],
  "Węzeł Piotrków Trybunalski Zachód": [19.68330, 51.41670],
  "Węzeł Kamieńsk": [19.50000, 51.20000],
  "Węzeł Radomsko": [19.43330, 51.06670],
  "Węzeł Kłomnice": [19.36670, 50.91670],
  "Węzeł Częstochowa": [19.11670, 50.81670],

  "Węzeł Konin Wschód": [18.34400, 52.21900],
  "Węzeł Konin Zachód": [18.16400, 52.25400],
  "Węzeł Września": [17.56600, 52.31600],
  "Węzeł Poznań Wschód": [17.10000, 52.42000],
  "Węzeł Poznań Północ": [16.90000, 52.45300],
  "Węzeł Poznań Zachód": [16.83330, 52.40000],
  "Węzeł Buk": [16.73000, 52.31700],
  "Węzeł Nowy Tomyśl": [16.31900, 52.31900],

  "Węzeł Zgorzelec": [15.00890, 51.16500],
  "Węzeł Bolesławiec": [15.56610, 51.26800],
  "Węzeł Krzywa": [16.18330, 51.31670],
  "Węzeł Legnica Północ": [16.16470, 51.21550],
  "Węzeł Legnica Południe": [16.13370, 51.17890],
  "Węzeł Jawor": [16.19760, 51.06770],
  "Węzeł Kostomłoty": [16.61670, 51.05000],
  "Węzeł Wrocław Psie Pole": [17.13330, 51.15000],
  "Węzeł Wrocław Kowale": [17.10030, 51.13499],
  "Węzeł Wrocław Sołtysowice": [17.10650, 51.14330],
  "Węzeł Bielany Wrocławskie": [16.96670, 51.03330],
  "Węzeł Brzezimierz": [17.11670, 50.96670],
  "Węzeł Prądy": [17.23330, 50.93330],
  "Węzeł Nogowczyce": [17.96670, 50.68330],
  "Węzeł Krapkowice": [17.96670, 50.48330],
  "Węzeł Górażdże": [18.01670, 50.53330],
  "Węzeł Gliwice Sośnica": [18.70000, 50.28330],
  "Węzeł Gliwice Ostropa": [18.63330, 50.30000],
  "Węzeł Zabrze Północ": [18.80000, 50.31670],
  "Węzeł Chorzów": [18.95000, 50.30000],
  "Węzeł Katowice Mikołowska": [18.96670, 50.23330],
  "Węzeł Mysłowice": [19.13330, 50.23330],

  "Węzeł Lubawka": [16.00000, 50.70000],
  "Węzeł Kamienna Góra Północ": [16.03330, 50.78330],
  "Węzeł Kamienna Góra Południe": [16.03330, 50.75000],
  "Węzeł Krzeszów": [16.06670, 50.73330],
  "Węzeł Marciszów": [16.06670, 50.85000],

  "Węzeł Wrocław Pawłowice": [16.88330, 51.13330],
  "Węzeł Kąty Wrocławskie": [16.73420, 51.03470],
  "Węzeł Jordanów Śląski": [16.86670, 50.86670],
  "Węzeł Łagiewniki": [16.76360, 50.78670],
  "Węzeł Sobótka": [16.68890, 50.90650],

  "Węzeł Gdańsk Południe": [18.63330, 54.31670],
  "Węzeł Gdańsk Karczemki": [18.50960, 54.35140],
  "Węzeł Gdańsk Szadółki": [18.54710, 54.31090],

  "Węzeł Kraków Balice": [19.80000, 50.08330],
  "Węzeł Kraków Tyniec": [19.80000, 50.01670],

  "Węzeł Wrocław Zachód": [16.93330, 51.11670],
  "Węzeł Wrocław Południe": [17.03330, 51.08330],

  "Węzeł Poznań Północ (S11)": [16.96670, 52.43330],
  "Węzeł Poznań Wschód (S11)": [17.06670, 52.40000],

  "Węzeł Warszawa Lubelska": [21.16670, 52.16670],
  "Węzeł Garwolin": [21.61670, 51.90000],

  "Węzeł Lublin Węglin": [22.65000, 51.28330],
  "Węzeł Lublin Szerokie": [22.60000, 51.25000],
  "Węzeł Lublin Sławinek": [22.58330, 51.23330],
  "Węzeł Jastków": [22.48010, 51.29280],
  "Węzeł Nałęczów": [22.21670, 51.28330],
  "Węzeł Piaski Wschód": [22.51670, 51.15000],
  "Węzeł Piaski Zachód": [22.48330, 51.15000],
  "Węzeł Świdnik": [22.68330, 51.23330],
  "Węzeł Lublin Czechów": [22.56670, 51.21670],
  "Węzeł Lublin Rudnik": [22.59550, 51.25840],
  "Węzeł Lublin Tatary": [22.53330, 51.18330],
  "Węzeł Lublin Zadębie": [22.51670, 51.16670],

  "Węzeł Piotrków Trybunalski Północ": [19.70610, 51.43550],
  "Węzeł Radomsko Północ": [19.43330, 51.16670],

  "Przeworsk, ul. Grunwaldzka": [22.50000, 50.06670],
  "Przeworsk, ul. Studziańska": [22.48330, 50.06670],
  "Przeworsk, ul. Mikołaja Kopernika": [22.51670, 50.06670],
  "Węzeł Przemyśl": [22.76800, 49.78390],
  "Radymno Skołoszów": [22.83330, 49.95000],
  "Munina": [22.71670, 50.01670],
  "Jarosław, ul. Sanowa": [22.68330, 50.01670]
}
